intervention_type,total_interventions,completed_interventions,completion_rate,engagement_rate
AI Guide,8265,6412,0.534422262552934,0.7758015728977616
Advising,8233,6447,0.5397789384185595,0.783068140410543
Financial Aid Counseling,8179,6359,0.5417532705709744,0.7774789094021274
Peer Mentoring,8144,6346,0.5358546168958742,0.7792239685658153
Tutoring,7891,6197,0.539982258268914,0.7853250538588266
