risk_tier,student_count,pct_with_intervention,mean_interventions,completion_rate
Low,9105,0.35354200988467877,0.7101592531576058,0.6661175178473366
Medium,18732,0.4163463591714713,0.8337070254110612,0.40022421524663676
High,22163,0.4231827821143347,0.8405450525650859,0.6211252989216262
